importId,currency.id,mainInvoicingAddressStr,deliveryAddressStr,company.id,clientPartner.name,creationDate,statusSelect,exTaxTotal,taxTotal,inTaxTotal,attrs,saleOrderLineListImportId,flag
2721,148,"100 Park Avenue, NY, NY 10017","19079 SKYSAIL DR, LEWES, DE 19958-3419",1,Aetna Dental,2022-07-15,4,0,0,0,"{""soNum"":""2721"",""cfiWooCommerceOrderItemIdentity1"":""UNITED STATES"",""cfiWooCommerceOrderItemIdentity2"":""FALSE"",""carrierName"":""USPS"",""taxRateName"":""None"",""poNum"":"""",""salesman"":""jcarroll"",""shippingTerms"":""Prepaid & Billed"",""paymentTerms"":""NET 30"",""fob"":""Origin"",""quickBooksClassName"":""None"",""locationGroupName"":""Main"",""carrierService"":""Parcel"",""cfAetnaMember"":false,""cfAetnaBulk"":false,""cfShippedByPitneyBowes"":false,""taxCod"":""NY""}",2721/130-STC-01-TS,SO
3952,148,"2617 South 46th Street, Suite 300, PHOENIX, AZ 85034","6662 LOVELAND ST, BELL GARDENS, CA 90201-1930",1,"DollarDays International, Inc",2023-01-04,4,0,0,0,"{""soNum"":""3952"",""cfiWooCommerceOrderItemIdentity1"":""UNITED STATES"",""cfiWooCommerceOrderItemIdentity2"":""FALSE"",""carrierName"":""UPS"",""taxRateName"":""None"",""poNum"":""2624083"",""salesman"":""Ernesto"",""shippingTerms"":""Prepaid & Billed"",""paymentTerms"":""NET 30"",""fob"":""Origin"",""quickBooksClassName"":""Z Dental"",""locationGroupName"":""Main"",""carrierService"":""Ground"",""cfAetnaMember"":false,""cfAetnaBulk"":false,""cfShippedByPitneyBowes"":false,""taxCod"":""AZ""}",3952/100-819-S,SO
4098,148,"Attn: Ann Barnes
6101 North Chestnut Ave., GLADSTONE, MO 64119","Operation School Bell
6601 North Oak Traffic way, GLADSTONE, MO 64118",1,Assistance League of Kansas City,2023-01-25,4,0,0,0,"{""soNum"":""4098"",""cfiWooCommerceOrderItemIdentity1"":""UNITED STATES"",""cfiWooCommerceOrderItemIdentity2"":""FALSE"",""carrierName"":""UPS"",""taxRateName"":""None"",""poNum"":"""",""salesman"":""ageary"",""shippingTerms"":""Prepaid & Billed"",""paymentTerms"":""NET 30"",""fob"":""Origin"",""quickBooksClassName"":""Z Dental"",""locationGroupName"":""Main"",""carrierService"":""Ground"",""cfAetnaMember"":false,""cfAetnaBulk"":false,""cfShippedByPitneyBowes"":false,""taxCod"":""MO""}",4098/875-LIP BALM VANILLA,SO
4700,148,"913 E SANTA CLARA ST, VENTURA, CA 93001-3068","913 E SANTA CLARA ST, VENTURA, CA 93001-3068",1,Assistance League of Ventura,2023-05-01,4,0.1,0.014,0.114,"{""soNum"":""4700"",""cfiWooCommerceOrderItemIdentity1"":""UNITED STATES"",""cfiWooCommerceOrderItemIdentity2"":""FALSE"",""carrierName"":""UPS"",""taxRateName"":""None"",""poNum"":"""",""salesman"":""ageary"",""shippingTerms"":""Prepaid & Billed"",""paymentTerms"":""Due at time of order."",""fob"":""Origin"",""quickBooksClassName"":""Z Dental"",""locationGroupName"":""Main"",""carrierService"":""Ground"",""cfAetnaMember"":false,""cfAetnaBulk"":false,""cfShippedByPitneyBowes"":false,""taxCod"":""CA""}",4700/825-DEO-16,SO
WC-22237,148,"3312624811
Rescareno@realtors.org
17 Oak Avenue, WESTMONT, IL 60559","3312624811
17 Oak Avenue, WESTMONT, IL 60559",1,Rita Escareno,2022-07-12,5,16.74,2.3436,19.0836,"{""soNum"":""WC-22237"",""cfiWooCommerceOrderItemIdentity1"":""UNITED STATES"",""cfiWooCommerceOrderItemIdentity2"":""FALSE"",""carrierName"":""USPS"",""taxRateName"":""None"",""poNum"":"""",""salesman"":""admin"",""shippingTerms"":""Prepaid & Billed"",""paymentTerms"":""COD"",""fob"":""Origin"",""quickBooksClassName"":""None"",""locationGroupName"":""Main"",""carrierService"":""Flat Rate"",""cfAetnaMember"":false,""cfAetnaBulk"":false,""cfShippedByPitneyBowes"":false,""taxCod"":""IL""}",WC-22237/500-100-POUCH-8X10,SO
WC-24098,148,"13189361025
annbeacham@outlook.com
P. O. Box 55, HAZLEHURST, MS 39083","PO BOX 55, HAZLEHURST, MS 39083-0055",1,Beverly Daniel,2022-12-17,4,38.95,5.453,44.403,"{""soNum"":""WC-24098"",""cfiWooCommerceOrderItemIdentity1"":""UNITED STATES"",""cfiWooCommerceOrderItemIdentity2"":""FALSE"",""carrierName"":""USPS"",""taxRateName"":""None"",""poNum"":"""",""salesman"":""Ernesto"",""shippingTerms"":""Prepaid & Billed"",""paymentTerms"":""COD"",""fob"":""Origin"",""quickBooksClassName"":""Z Dental:Aetna"",""locationGroupName"":""Main"",""carrierService"":""Flat Rate"",""cfAetnaMember"":false,""cfAetnaBulk"":false,""cfShippedByPitneyBowes"":false,""taxCod"":""MS""}",WC-24098/810-COMB-DK,SO
WC-24563,148,"9562669515
padillacuqui@yahoo.com
64 S Aztec Cove Dr, INDIAN LAKE, TX 78566","64 S AZTEC COVE DR, INDIAN LAKE, TX 78566-4113",1,MARIBEL PADILLA,2023-01-23,4,59.9,8.386,68.286,"{""soNum"":""WC-24563"",""cfiWooCommerceOrderItemIdentity1"":""UNITED STATES"",""cfiWooCommerceOrderItemIdentity2"":""FALSE"",""carrierName"":""USPS"",""taxRateName"":""None"",""poNum"":"""",""salesman"":""Samantha"",""shippingTerms"":""Prepaid & Billed"",""paymentTerms"":""COD"",""fob"":""Origin"",""quickBooksClassName"":""Z Dental:Aetna"",""locationGroupName"":""Main"",""carrierService"":""Flat Rate"",""cfAetnaMember"":false,""cfAetnaBulk"":false,""cfShippedByPitneyBowes"":false,""taxCod"":""TX""}",WC-24563/500-900-MASK-FREE,SO
WC-24674,148,"9412767517
marla18@comcast.net
13042 Ridd Circle, EAGLE RIVER, AK 99577","13042 RIDD CIR, EAGLE RIVER, AK 99577-7604",1,Marla Fernandez,2023-02-01,4,111.75,15.645,127.395,"{""soNum"":""WC-24674"",""cfiWooCommerceOrderItemIdentity1"":""UNITED STATES"",""cfiWooCommerceOrderItemIdentity2"":""FALSE"",""carrierName"":""USPS"",""taxRateName"":""None"",""poNum"":"""",""salesman"":""Ernesto"",""shippingTerms"":""Prepaid & Billed"",""paymentTerms"":""COD"",""fob"":""Origin"",""quickBooksClassName"":""Z Dental"",""locationGroupName"":""Main"",""carrierService"":""Flat Rate"",""cfAetnaMember"":false,""cfAetnaBulk"":false,""cfShippedByPitneyBowes"":false,""taxCod"":""AK""}",WC-24674/810-COMB-DK,SO
WC-25015,148,"6198088049
jessica.bada@icloud.com
10220 Sw Paulina Dr, TUALATIN, OR 97062","10220 SW PAULINA DR, TUALATIN, OR 97062-8548",1,Jessica Bada,2023-02-26,4,125.38,17.5532,142.9332,"{""soNum"":""WC-25015"",""cfiWooCommerceOrderItemIdentity1"":""UNITED STATES"",""cfiWooCommerceOrderItemIdentity2"":""FALSE"",""carrierName"":""USPS"",""taxRateName"":""None"",""poNum"":"""",""salesman"":""Samantha"",""shippingTerms"":""Prepaid & Billed"",""paymentTerms"":""COD"",""fob"":""Origin"",""quickBooksClassName"":""Z Dental:Aetna"",""locationGroupName"":""Main"",""carrierService"":""Flat Rate"",""cfAetnaMember"":false,""cfAetnaBulk"":false,""cfShippedByPitneyBowes"":false,""taxCod"":""OR""}",WC-25015/500-AETNA-KIDS-MBR,SO
WC-25519,148,"2154314839
dianemclean@verizon.net
1274nGeneral Mercer Road, WASHINGTON CROSSING, PA 18977","1274 GENERAL MERCER AVE, WSHNGTN XING, PA 18977-1214",1,Diane Mc lean,2023-04-16,4,59.95,8.393,68.343,"{""soNum"":""WC-25519"",""cfiWooCommerceOrderItemIdentity1"":""UNITED STATES"",""cfiWooCommerceOrderItemIdentity2"":""FALSE"",""carrierName"":""USPS"",""taxRateName"":""None"",""poNum"":"""",""salesman"":""Ernesto"",""shippingTerms"":""Prepaid & Billed"",""paymentTerms"":""COD"",""fob"":""Origin"",""quickBooksClassName"":""Z Dental:Aetna"",""locationGroupName"":""Main"",""carrierService"":""Flat Rate"",""cfAetnaMember"":false,""cfAetnaBulk"":false,""cfShippedByPitneyBowes"":false,""taxCod"":""PA""}",WC-25519/500-900-MASK-FREE,SO
WC-25680,148,"6128019858
theresesimmons@gmail.com
7677 Den Helder Dr, BYRON CENTER, MI 49315","7677 DEN HELDER DR, BYRON CENTER, MI 49315-9195",1,THERESE Simmons,2023-05-01,4,69.95,9.793,79.743,"{""soNum"":""WC-25680"",""cfiWooCommerceOrderItemIdentity1"":""UNITED STATES"",""cfiWooCommerceOrderItemIdentity2"":""FALSE"",""carrierName"":""USPS"",""taxRateName"":""None"",""poNum"":"""",""salesman"":""Ernesto"",""shippingTerms"":""Prepaid & Billed"",""paymentTerms"":""COD"",""fob"":""Origin"",""quickBooksClassName"":""Z Dental:Aetna"",""locationGroupName"":""Main"",""carrierService"":""Flat Rate"",""cfAetnaMember"":false,""cfAetnaBulk"":false,""cfShippedByPitneyBowes"":false,""taxCod"":""MI""}",WC-25680/810-COMB-DK,SO
